"ID","Description","GeneRatio","BgRatio","RichFactor","FoldEnrichment","zScore","pvalue","p.adjust","qvalue","geneID","Count"
"GO:0052652","cyclic purine nucleotide metabolic process","5/92","40/18986",0.125,25.7961956521739,10.9545247908041,1.37762672368279e-06,0.00145748335797507,0.00131455250799727,"PDE4D/RORA/PDE1A/PDE7A/GUCY1A2",5
"GO:0009187","cyclic nucleotide metabolic process","5/92","41/18986",0.121951219512195,25.1670201484624,10.8094845870133,1.56298483428962e-06,0.00145748335797507,0.00131455250799727,"PDE4D/RORA/PDE1A/PDE7A/GUCY1A2",5
"GO:0009214","cyclic nucleotide catabolic process","3/92","14/18986",0.214285714285714,44.222049689441,11.2888597377068,3.85593601620058e-05,0.0239710689007136,0.0216203008908369,"PDE4D/PDE1A/PDE7A",3
"GO:0046068","cGMP metabolic process","3/92","17/18986",0.176470588235294,36.4181585677749,10.1944894150417,7.12785187974762e-05,0.0332336093893233,0.0299744929048334,"RORA/PDE1A/GUCY1A2",3
