"ID","Description","GeneRatio","BgRatio","RichFactor","FoldEnrichment","zScore","pvalue","p.adjust","qvalue","geneID","Count"
"GO:0007264","small GTPase-mediated signal transduction","16/94","491/18986",0.0325865580448065,6.58179139402869,8.83929115149308,2.25406472080676e-09,3.81387750760503e-06,3.65633024711917e-06,"RASGRP3/ARHGAP31/DLC1/RASGRF2/PLD1/RAPGEF4/PLEKHG1/RALGAPA2/IQSEC1/KALRN/ARHGAP29/SPRY1/DOCK8/DOCK5/CDH13/IGF1",16
"GO:0051056","regulation of small GTPase mediated signal transduction","11/94","300/18986",0.0366666666666667,7.40588652482269,7.88881833924097,2.75262139712351e-07,0.000232871770196649,0.000223252082787754,"ARHGAP31/DLC1/RASGRF2/PLEKHG1/RALGAPA2/IQSEC1/KALRN/ARHGAP29/SPRY1/DOCK8/IGF1",11
"GO:0007265","Ras protein signal transduction","6/94","121/18986",0.0495867768595041,10.0154738878143,7.0175109555157,3.04858949191421e-05,0.0171940447343961,0.0164837768668063,"RASGRP3/RASGRF2/PLD1/RAPGEF4/SPRY1/IGF1",6
"GO:0030206","chondroitin sulfate biosynthetic process","3/94","19/18986",0.157894736842105,31.8913773796193,9.5026560554102,0.000107522723831891,0.04548211218089,0.0436032940591959,"CSGALNACT1/CHSY3/CHSY1",3
